{
  "type": "FeatureCollection",
  "features": [
    {
      "type": "Feature",
      "properties": {
        "_color": "#000000",
        "_opacity": 1,
        "_weight": 1
      },
      "geometry": {
        "type": "LineString",
        "coordinates": [
          [
            141.701456,
            42.941133
          ],
          [
            141.713601,
            42.941981
          ],
          [
            141.718193,
            42.942326
          ],
          [
            141.72403,
            42.942758
          ],
          [
            141.725049,
            42.94279
          ],
          [
            141.727238,
            42.942884
          ],
          [
            141.728203,
            42.942994
          ],
          [
            141.728193,
            42.942413
          ],
          [
            141.728235,
            42.941792
          ],
          [
            141.728439,
            42.941258
          ],
          [
            141.728611,
            42.940379
          ],
          [
            141.728772,
            42.939624
          ],
          [
            141.728858,
            42.938753
          ],
          [
            141.728911,
            42.937881
          ],
          [
            141.728826,
            42.93741
          ],
          [
            141.728879,
            42.936883
          ],
          [
            141.728976,
            42.936326
          ],
          [
            141.729105,
            42.935226
          ],
          [
            141.729158,
            42.934291
          ],
          [
            141.729362,
            42.932917
          ],
          [
            141.730156,
            42.932948
          ],
          [
            141.730381,
            42.930544
          ],
          [
            141.7314,
            42.930442
          ],
          [
            141.73124,
            42.931613
          ],
          [
            141.730971,
            42.932987
          ],
          [
            141.734598,
            42.933207
          ],
          [
            141.738814,
            42.933451
          ],
          [
            141.742591,
            42.933718
          ],
          [
            141.746743,
            42.933843
          ],
          [
            141.750026,
            42.934126
          ],
          [
            141.751249,
            42.934228
          ],
          [
            141.752654,
            42.934401
          ],
          [
            141.753641,
            42.934472
          ],
          [
            141.755133,
            42.934629
          ],
          [
            141.755648,
            42.93466
          ],
          [
            141.755787,
            42.934959
          ],
          [
            141.75583,
            42.935485
          ],
          [
            141.756377,
            42.938651
          ],
          [
            141.762772,
            42.938085
          ],
          [
            141.764091,
            42.937912
          ],
          [
            141.767267,
            42.937582
          ],
          [
            141.77163,
            42.937135
          ],
          [
            141.771333,
            42.952893
          ],
          [
            141.811234,
            42.953022
          ],
          [
            141.811223,
            42.95263
          ],
          [
            141.837444,
            42.952928
          ],
          [
            141.837444,
            42.952858
          ],
          [
            141.863387,
            42.953179
          ],
          [
            141.863397,
            42.952591
          ],
          [
            141.889061,
            42.952622
          ],
          [
            141.889071,
            42.952528
          ],
          [
            141.897912,
            42.952536
          ],
          [
            141.898845,
            42.952559
          ],
          [
            141.899328,
            42.95263
          ],
          [
            141.89994,
            42.952559
          ],
          [
            141.901968,
            42.952488
          ],
          [
            141.903073,
            42.952418
          ],
          [
            141.904285,
            42.952457
          ],
          [
            141.904306,
            42.952677
          ],
          [
            141.905497,
            42.95263
          ],
          [
            141.906066,
            42.952653
          ],
          [
            141.909993,
            42.952591
          ],
          [
            141.910722,
            42.952575
          ],
          [
            141.911495,
            42.952646
          ],
          [
            141.914392,
            42.952661
          ],
          [
            141.914413,
            42.95252
          ],
          [
            141.929498,
            42.952284
          ],
          [
            141.929476,
            42.952653
          ],
          [
            141.931129,
            42.952567
          ],
          [
            141.93188,
            42.952598
          ],
          [
            141.932491,
            42.952496
          ],
          [
            141.9338,
            42.952465
          ],
          [
            141.934465,
            42.952488
          ],
          [
            141.935495,
            42.952543
          ],
          [
            141.936053,
            42.952622
          ],
          [
            141.93719,
            42.952449
          ],
          [
            141.938263,
            42.952496
          ],
          [
            141.938671,
            42.95241
          ],
          [
            141.939465,
            42.952512
          ],
          [
            141.940184,
            42.952371
          ],
          [
            141.941342,
            42.952386
          ],
          [
            141.942168,
            42.952473
          ],
          [
            141.94249,
            42.952449
          ],
          [
            141.943864,
            42.952253
          ],
          [
            141.944904,
            42.952041
          ],
          [
            141.945548,
            42.952002
          ],
          [
            141.946288,
            42.952096
          ],
          [
            141.948649,
            42.952206
          ],
          [
            141.949056,
            42.952229
          ],
          [
            141.949711,
            42.952127
          ],
          [
            141.951277,
            42.952159
          ],
          [
            141.952103,
            42.9523
          ],
          [
            141.953391,
            42.952402
          ],
          [
            141.954206,
            42.95252
          ],
          [
            141.955419,
            42.952347
          ],
          [
            141.956395,
            42.952433
          ],
          [
            141.957242,
            42.952269
          ],
          [
            141.958637,
            42.952284
          ],
          [
            141.959356,
            42.952182
          ],
          [
            141.960611,
            42.952237
          ],
          [
            141.961641,
            42.952151
          ],
          [
            141.963927,
            42.952418
          ],
          [
            141.963916,
            42.951947
          ],
          [
            141.973754,
            42.951907
          ],
          [
            141.974269,
            42.951868
          ],
          [
            141.974655,
            42.951923
          ],
          [
            141.989429,
            42.951837
          ],
          [
            141.989418,
            42.951413
          ],
          [
            141.989214,
            42.950981
          ],
          [
            141.989086,
            42.950423
          ],
          [
            141.989107,
            42.949826
          ],
          [
            141.989311,
            42.949182
          ],
          [
            141.98945,
            42.947643
          ],
          [
            141.989493,
            42.945735
          ],
          [
            141.989257,
            42.945146
          ],
          [
            141.9893,
            42.943897
          ],
          [
            141.989225,
            42.943222
          ],
          [
            141.989021,
            42.942531
          ],
          [
            141.989204,
            42.94158
          ],
          [
            141.989204,
            42.941227
          ],
          [
            141.989375,
            42.940858
          ],
          [
            141.989247,
            42.940418
          ],
          [
            141.989332,
            42.939789
          ],
          [
            141.988946,
            42.938792
          ],
          [
            141.988946,
            42.938391
          ],
          [
            141.989021,
            42.938054
          ],
          [
            141.990684,
            42.938077
          ],
          [
            141.990995,
            42.932642
          ],
          [
            141.990856,
            42.932123
          ],
          [
            141.991006,
            42.931495
          ],
          [
            141.991178,
            42.929225
          ],
          [
            141.990974,
            42.928832
          ],
          [
            141.990952,
            42.927913
          ],
          [
            141.991285,
            42.92697
          ],
          [
            141.991382,
            42.925399
          ],
          [
            141.990459,
            42.925399
          ],
          [
            141.990459,
            42.924425
          ],
          [
            141.990298,
            42.924165
          ],
          [
            141.99018,
            42.923733
          ],
          [
            141.990373,
            42.923003
          ],
          [
            141.990534,
            42.922586
          ],
          [
            141.990609,
            42.919444
          ],
          [
            141.990319,
            42.91854
          ],
          [
            141.990341,
            42.917794
          ],
          [
            141.990191,
            42.917487
          ],
          [
            141.990266,
            42.91722
          ],
          [
            141.990201,
            42.916733
          ],
          [
            141.990298,
            42.916277
          ],
          [
            141.989343,
            42.916301
          ],
          [
            141.989579,
            42.915845
          ],
          [
            141.989375,
            42.915004
          ],
          [
            141.989354,
            42.914407
          ],
          [
            141.989472,
            42.914038
          ],
          [
            141.989536,
            42.91348
          ],
          [
            141.989676,
            42.913126
          ],
          [
            141.989847,
            42.912199
          ],
          [
            141.989622,
            42.910989
          ],
          [
            141.991489,
            42.910981
          ],
          [
            141.991993,
            42.898171
          ],
          [
            141.989472,
            42.898148
          ],
          [
            141.989601,
            42.897983
          ],
          [
            141.989354,
            42.897189
          ],
          [
            141.989515,
            42.896757
          ],
          [
            141.989515,
            42.895719
          ],
          [
            141.98945,
            42.895491
          ],
          [
            141.989483,
            42.895295
          ],
          [
            141.98945,
            42.894131
          ],
          [
            141.9893,
            42.893621
          ],
          [
            141.989429,
            42.893267
          ],
          [
            141.989408,
            42.892968
          ],
          [
            141.993163,
            42.892984
          ],
          [
            141.99298,
            42.892308
          ],
          [
            141.993023,
            42.891805
          ],
          [
            141.993163,
            42.891443
          ],
          [
            141.992691,
            42.890233
          ],
          [
            141.992573,
            42.889706
          ],
          [
            141.992809,
            42.889116
          ],
          [
            141.993141,
            42.888527
          ],
          [
            141.992905,
            42.887827
          ],
          [
            141.992787,
            42.887403
          ],
          [
            141.992605,
            42.88712
          ],
          [
            141.992733,
            42.886632
          ],
          [
            141.993002,
            42.886177
          ],
          [
            141.992433,
            42.884934
          ],
          [
            141.992422,
            42.884581
          ],
          [
            141.992283,
            42.88429
          ],
          [
            141.992476,
            42.88392
          ],
          [
            141.992755,
            42.883213
          ],
          [
            141.993034,
            42.882702
          ],
          [
            141.993012,
            42.882442
          ],
          [
            141.992744,
            42.881837
          ],
          [
            141.992701,
            42.881491
          ],
          [
            141.99254,
            42.880957
          ],
          [
            141.992272,
            42.880469
          ],
          [
            141.992347,
            42.880296
          ],
          [
            141.988077,
            42.880312
          ],
          [
            141.987991,
            42.878417
          ],
          [
            141.987702,
            42.877788
          ],
          [
            141.987981,
            42.877104
          ],
          [
            141.988034,
            42.876577
          ],
          [
            141.987991,
            42.875099
          ],
          [
            141.990244,
            42.875107
          ],
          [
            141.990191,
            42.873322
          ],
          [
            141.990094,
            42.872929
          ],
          [
            141.990159,
            42.872575
          ],
          [
            141.990126,
            42.870979
          ],
          [
            141.98989,
            42.87046
          ],
          [
            141.990019,
            42.869855
          ],
          [
            141.98988,
            42.869304
          ],
          [
            141.990094,
            42.868903
          ],
          [
            141.990062,
            42.868455
          ],
          [
            141.989869,
            42.868085
          ],
          [
            141.989847,
            42.867818
          ],
          [
            141.990051,
            42.867456
          ],
          [
            141.990019,
            42.866513
          ],
          [
            141.990577,
            42.866529
          ],
          [
            141.990523,
            42.863171
          ],
          [
            141.990341,
            42.862573
          ],
          [
            141.990373,
            42.862306
          ],
          [
            141.990502,
            42.861983
          ],
          [
            141.990438,
            42.85706
          ],
          [
            141.990234,
            42.855652
          ],
          [
            141.990159,
            42.85393
          ],
          [
            141.989644,
            42.853922
          ],
          [
            141.989719,
            42.853481
          ],
          [
            141.989676,
            42.852962
          ],
          [
            141.989526,
            42.852443
          ],
          [
            141.989805,
            42.851381
          ],
          [
            141.989515,
            42.850044
          ],
          [
            141.989558,
            42.849643
          ],
          [
            141.989805,
            42.848959
          ],
          [
            141.989751,
            42.848676
          ],
          [
            141.990008,
            42.848691
          ],
          [
            141.990051,
            42.848251
          ],
          [
            141.990116,
            42.848015
          ],
          [
            141.990191,
            42.846914
          ],
          [
            141.990287,
            42.846127
          ],
          [
            141.990126,
            42.845529
          ],
          [
            141.990319,
            42.845018
          ],
          [
            141.990234,
            42.844404
          ],
          [
            141.990094,
            42.844082
          ],
          [
            141.990116,
            42.843681
          ],
          [
            141.990234,
            42.843484
          ],
          [
            141.990405,
            42.84287
          ],
          [
            141.990513,
            42.839724
          ],
          [
            141.990598,
            42.839716
          ],
          [
            141.990641,
            42.838378
          ],
          [
            141.99047,
            42.837599
          ],
          [
            141.990438,
            42.83612
          ],
          [
            141.990362,
            42.836136
          ],
          [
            141.990556,
            42.835302
          ],
          [
            141.990534,
            42.834657
          ],
          [
            141.990684,
            42.83435
          ],
          [
            141.99047,
            42.833792
          ],
          [
            141.990309,
            42.833217
          ],
          [
            141.990395,
            42.8328
          ],
          [
            141.990834,
            42.829905
          ],
          [
            141.990888,
            42.82878
          ],
          [
            141.991006,
            42.828504
          ],
          [
            141.990813,
            42.828174
          ],
          [
            141.990867,
            42.826828
          ],
          [
            141.99077,
            42.826529
          ],
          [
            141.990904,
            42.825581
          ],
          [
            141.990952,
            42.82446
          ],
          [
            141.991072,
            42.820692
          ],
          [
            141.991725,
            42.820934
          ],
          [
            141.992787,
            42.821123
          ],
          [
            141.993088,
            42.821225
          ],
          [
            141.993881,
            42.821643
          ],
          [
            141.994815,
            42.821713
          ],
          [
            141.995823,
            42.821934
          ],
          [
            141.996692,
            42.822469
          ],
          [
            141.997862,
            42.822579
          ],
          [
            141.998774,
            42.823146
          ],
          [
            141.999621,
            42.823153
          ],
          [
            142.000523,
            42.823728
          ],
          [
            142.001091,
            42.823736
          ],
          [
            142.001735,
            42.823775
          ],
          [
            142.003419,
            42.824499
          ],
          [
            142.00431,
            42.824546
          ],
          [
            142.006338,
            42.825388
          ],
          [
            142.007368,
            42.825435
          ],
          [
            142.008001,
            42.825609
          ],
          [
            142.010286,
            42.826553
          ],
          [
            142.011842,
            42.826978
          ],
          [
            142.012421,
            42.827324
          ],
          [
            142.013569,
            42.827772
          ],
          [
            142.014652,
            42.82826
          ],
          [
            142.015693,
            42.828551
          ],
          [
            142.016197,
            42.828921
          ],
          [
            142.017206,
            42.829173
          ],
          [
            142.018579,
            42.829165
          ],
          [
            142.019824,
            42.829448
          ],
          [
            142.020425,
            42.829559
          ],
          [
            142.021122,
            42.829795
          ],
          [
            142.023525,
            42.830629
          ],
          [
            142.024115,
            42.830959
          ],
          [
            142.025253,
            42.830951
          ],
          [
            142.026358,
            42.831116
          ],
          [
            142.028278,
            42.832037
          ],
          [
            142.028868,
            42.832092
          ],
          [
            142.029802,
            42.832226
          ],
          [
            142.031261,
            42.832698
          ],
          [
            142.033063,
            42.833524
          ],
          [
            142.033643,
            42.833611
          ],
          [
            142.034179,
            42.83387
          ],
          [
            142.036636,
            42.834507
          ],
          [
            142.037398,
            42.834775
          ],
          [
            142.038267,
            42.834987
          ],
          [
            142.038835,
            42.835129
          ],
          [
            142.040938,
            42.836057
          ],
          [
            142.041807,
            42.836293
          ],
          [
            142.042687,
            42.836695
          ],
          [
            142.044007,
            42.837238
          ],
          [
            142.04479,
            42.837395
          ],
          [
            142.045702,
            42.837647
          ],
          [
            142.047354,
            42.838551
          ],
          [
            142.047762,
            42.838717
          ],
          [
            142.048427,
            42.838968
          ],
          [
            142.048953,
            42.838945
          ],
          [
            142.049446,
            42.838913
          ],
          [
            142.051399,
            42.839393
          ],
          [
            142.052954,
            42.8397
          ],
          [
            142.053534,
            42.839873
          ],
          [
            142.054092,
            42.840251
          ],
          [
            142.054843,
            42.840526
          ],
          [
            142.055604,
            42.840589
          ],
          [
            142.056184,
            42.840605
          ],
          [
            142.057782,
            42.841321
          ],
          [
            142.058619,
            42.841517
          ],
          [
            142.059392,
            42.841651
          ],
          [
            142.060229,
            42.841832
          ],
          [
            142.061387,
            42.842147
          ],
          [
            142.062696,
            42.84243
          ],
          [
            142.064391,
            42.843209
          ],
          [
            142.06511,
            42.843681
          ],
          [
            142.065657,
            42.844208
          ],
          [
            142.066483,
            42.84464
          ],
          [
            142.067385,
            42.844876
          ],
          [
            142.067524,
            42.84479
          ],
          [
            142.071033,
            42.845663
          ],
          [
            142.072492,
            42.846033
          ],
          [
            142.074026,
            42.846379
          ],
          [
            142.074627,
            42.84678
          ],
          [
            142.075292,
            42.846953
          ],
          [
            142.075737,
            42.847118
          ],
          [
            142.076064,
            42.846835
          ],
          [
            142.07615,
            42.846371
          ],
          [
            142.076708,
            42.845663
          ],
          [
            142.076966,
            42.84545
          ],
          [
            142.077191,
            42.844687
          ],
          [
            142.077652,
            42.844215
          ],
          [
            142.077727,
            42.843704
          ],
          [
            142.078199,
            42.843319
          ],
          [
            142.078232,
            42.842941
          ],
          [
            142.078961,
            42.84217
          ],
          [
            142.079573,
            42.841352
          ],
          [
            142.080131,
            42.840652
          ],
          [
            142.080345,
            42.840196
          ],
          [
            142.080656,
            42.839275
          ],
          [
            142.081193,
            42.838481
          ],
          [
            142.081783,
            42.837639
          ],
          [
            142.082051,
            42.836962
          ],
          [
            142.082545,
            42.83627
          ],
          [
            142.083113,
            42.835404
          ],
          [
            142.083811,
            42.835703
          ],
          [
            142.084454,
            42.834822
          ],
          [
            142.084948,
            42.833972
          ],
          [
            142.085366,
            42.833398
          ],
          [
            142.086182,
            42.831856
          ],
          [
            142.0869,
            42.830794
          ],
          [
            142.087394,
            42.829755
          ],
          [
            142.08763,
            42.829086
          ],
          [
            142.088006,
            42.828772
          ],
          [
            142.088027,
            42.828433
          ],
          [
            142.088209,
            42.828103
          ],
          [
            142.088445,
            42.827631
          ],
          [
            142.089357,
            42.826624
          ],
          [
            142.089669,
            42.826136
          ],
          [
            142.089937,
            42.825553
          ],
          [
            142.090409,
            42.824491
          ],
          [
            142.090709,
            42.823995
          ],
          [
            142.090752,
            42.823728
          ],
          [
            142.091063,
            42.823397
          ],
          [
            142.091224,
            42.822917
          ],
          [
            142.091492,
            42.822941
          ],
          [
            142.091857,
            42.82239
          ],
          [
            142.092168,
            42.822099
          ],
          [
            142.093048,
            42.820399
          ],
          [
            142.093788,
            42.819439
          ],
          [
            142.09426,
            42.818865
          ],
          [
            142.094539,
            42.818408
          ],
          [
            142.0947,
            42.817818
          ],
          [
            142.094872,
            42.817196
          ],
          [
            142.095001,
            42.81663
          ],
          [
            142.095419,
            42.816244
          ],
          [
            142.095677,
            42.815929
          ],
          [
            142.095752,
            42.815425
          ],
          [
            142.09617,
            42.815048
          ],
          [
            142.096567,
            42.814694
          ],
          [
            142.096964,
            42.813725
          ],
          [
            142.097232,
            42.813371
          ],
          [
            142.097211,
            42.813041
          ],
          [
            142.097447,
            42.812325
          ],
          [
            142.097479,
            42.812112
          ],
          [
            142.097822,
            42.811482
          ],
          [
            142.09793,
            42.811128
          ],
          [
            142.098123,
            42.810979
          ],
          [
            142.098938,
            42.810152
          ],
          [
            142.099121,
            42.809153
          ],
          [
            142.099464,
            42.808822
          ],
          [
            142.099636,
            42.808515
          ],
          [
            142.100043,
            42.808145
          ],
          [
            142.100097,
            42.807437
          ],
          [
            142.100322,
            42.807035
          ],
          [
            142.100708,
            42.806618
          ],
          [
            142.101245,
            42.806099
          ],
          [
            142.101331,
            42.805681
          ],
          [
            142.10147,
            42.805052
          ],
          [
            142.101738,
            42.804627
          ],
          [
            142.100751,
            42.804359
          ],
          [
            142.099979,
            42.804241
          ],
          [
            142.099003,
            42.803966
          ],
          [
            142.098413,
            42.803627
          ],
          [
            142.097898,
            42.803462
          ],
          [
            142.097468,
            42.803422
          ],
          [
            142.095945,
            42.802966
          ],
          [
            142.095376,
            42.802863
          ],
          [
            142.094904,
            42.802659
          ],
          [
            142.094153,
            42.802368
          ],
          [
            142.093145,
            42.801982
          ],
          [
            142.093273,
            42.801281
          ],
          [
            142.093627,
            42.800927
          ],
          [
            142.093831,
            42.800352
          ],
          [
            142.094303,
            42.799738
          ],
          [
            142.094446,
            42.799612
          ],
          [
            142.094448,
            42.799612
          ],
          [
            142.094604,
            42.79962
          ],
          [
            142.095028,
            42.799616
          ],
          [
            142.095253,
            42.799632
          ],
          [
            142.095505,
            42.799656
          ],
          [
            142.095628,
            42.79966
          ],
          [
            142.096401,
            42.799754
          ],
          [
            142.096615,
            42.799778
          ],
          [
            142.096728,
            42.799801
          ],
          [
            142.096841,
            42.799833
          ],
          [
            142.096991,
            42.799837
          ],
          [
            142.097265,
            42.799852
          ],
          [
            142.09742,
            42.799852
          ],
          [
            142.097549,
            42.799841
          ],
          [
            142.098064,
            42.799793
          ],
          [
            142.098262,
            42.799786
          ],
          [
            142.098488,
            42.799786
          ],
          [
            142.098772,
            42.79979
          ],
          [
            142.099432,
            42.799849
          ],
          [
            142.09985,
            42.799888
          ],
          [
            142.100092,
            42.799927
          ],
          [
            142.10029,
            42.799935
          ],
          [
            142.100419,
            42.799908
          ],
          [
            142.100687,
            42.799864
          ],
          [
            142.101025,
            42.799825
          ],
          [
            142.101846,
            42.799782
          ],
          [
            142.102275,
            42.799782
          ],
          [
            142.102586,
            42.799801
          ],
          [
            142.102886,
            42.799896
          ],
          [
            142.103176,
            42.799959
          ],
          [
            142.103514,
            42.80001
          ],
          [
            142.10375,
            42.800045
          ],
          [
            142.103906,
            42.800053
          ],
          [
            142.10404,
            42.800049
          ],
          [
            142.104174,
            42.800026
          ],
          [
            142.10456,
            42.799935
          ],
          [
            142.104732,
            42.799915
          ],
          [
            142.104893,
            42.7999
          ],
          [
            142.104973,
            42.799904
          ],
          [
            142.105139,
            42.799935
          ],
          [
            142.105279,
            42.799967
          ],
          [
            142.105402,
            42.799982
          ],
          [
            142.105762,
            42.80001
          ],
          [
            142.106041,
            42.800006
          ],
          [
            142.106287,
            42.800006
          ],
          [
            142.106663,
            42.80003
          ],
          [
            142.10691,
            42.800061
          ],
          [
            142.107371,
            42.800097
          ],
          [
            142.107596,
            42.800097
          ],
          [
            142.107875,
            42.800089
          ],
          [
            142.108213,
            42.800061
          ],
          [
            142.108718,
            42.800049
          ],
          [
            142.108878,
            42.800037
          ],
          [
            142.109163,
            42.80001
          ],
          [
            142.109506,
            42.799978
          ],
          [
            142.109876,
            42.799943
          ],
          [
            142.110032,
            42.799927
          ],
          [
            142.110402,
            42.799872
          ],
          [
            142.110842,
            42.799841
          ],
          [
            142.111132,
            42.799833
          ],
          [
            142.111266,
            42.799837
          ],
          [
            142.111748,
            42.799888
          ],
          [
            142.112162,
            42.799912
          ],
          [
            142.112553,
            42.799943
          ],
          [
            142.112703,
            42.799951
          ],
          [
            142.113079,
            42.799943
          ],
          [
            142.113315,
            42.799955
          ],
          [
            142.113572,
            42.799974
          ],
          [
            142.113846,
            42.799998
          ],
          [
            142.114211,
            42.80001
          ],
          [
            142.114382,
            42.800006
          ],
          [
            142.114581,
            42.800026
          ],
          [
            142.114881,
            42.800073
          ],
          [
            142.115005,
            42.800077
          ],
          [
            142.115251,
            42.800069
          ],
          [
            142.115487,
            42.800085
          ],
          [
            142.115638,
            42.800085
          ],
          [
            142.115868,
            42.800053
          ],
          [
            142.11612,
            42.800037
          ],
          [
            142.116346,
            42.800022
          ],
          [
            142.116469,
            42.800014
          ],
          [
            142.116684,
            42.80001
          ],
          [
            142.116834,
            42.800014
          ],
          [
            142.117156,
            42.799974
          ],
          [
            142.117617,
            42.799963
          ],
          [
            142.117955,
            42.799955
          ],
          [
            142.118078,
            42.79999
          ],
          [
            142.11832,
            42.800041
          ],
          [
            142.118475,
            42.800061
          ],
          [
            142.118722,
            42.800069
          ],
          [
            142.118894,
            42.800085
          ],
          [
            142.119323,
            42.800085
          ],
          [
            142.119586,
            42.800065
          ],
          [
            142.119747,
            42.800061
          ],
          [
            142.119908,
            42.800089
          ],
          [
            142.120069,
            42.800128
          ],
          [
            142.120332,
            42.800199
          ],
          [
            142.120932,
            42.80038
          ],
          [
            142.121018,
            42.800392
          ],
          [
            142.121147,
            42.800392
          ],
          [
            142.121308,
            42.800376
          ],
          [
            142.121517,
            42.800344
          ],
          [
            142.122225,
            42.800215
          ],
          [
            142.122563,
            42.800167
          ],
          [
            142.123352,
            42.800065
          ],
          [
            142.123716,
            42.798778
          ],
          [
            142.123716,
            42.798707
          ],
          [
            142.123652,
            42.798451
          ],
          [
            142.123625,
            42.798321
          ],
          [
            142.123625,
            42.798184
          ],
          [
            142.123556,
            42.797999
          ],
          [
            142.123432,
            42.797695
          ],
          [
            142.123395,
            42.79757
          ],
          [
            142.123379,
            42.797325
          ],
          [
            142.1234,
            42.7969
          ],
          [
            142.123432,
            42.796782
          ],
          [
            142.123464,
            42.796692
          ],
          [
            142.123518,
            42.796326
          ],
          [
            142.123577,
            42.796003
          ],
          [
            142.123652,
            42.795767
          ],
          [
            142.1237,
            42.795558
          ],
          [
            142.123727,
            42.795314
          ],
          [
            142.123743,
            42.795039
          ],
          [
            142.123808,
            42.794814
          ],
          [
            142.123958,
            42.794397
          ],
          [
            142.124006,
            42.794149
          ],
          [
            142.123995,
            42.79396
          ],
          [
            142.123867,
            42.793728
          ],
          [
            142.123834,
            42.793625
          ],
          [
            142.123808,
            42.793539
          ],
          [
            142.123716,
            42.793078
          ],
          [
            142.123695,
            42.792976
          ],
          [
            142.1237,
            42.792779
          ],
          [
            142.123722,
            42.792692
          ],
          [
            142.123765,
            42.792614
          ],
          [
            142.123824,
            42.7925
          ],
          [
            142.123915,
            42.792314
          ],
          [
            142.123947,
            42.7922
          ],
          [
            142.123947,
            42.792133
          ],
          [
            142.123872,
            42.791752
          ],
          [
            142.123851,
            42.791468
          ],
          [
            142.123851,
            42.791137
          ],
          [
            142.123824,
            42.790988
          ],
          [
            142.123781,
            42.790826
          ],
          [
            142.123652,
            42.790582
          ],
          [
            142.123572,
            42.790397
          ],
          [
            142.123523,
            42.790252
          ],
          [
            142.123486,
            42.790153
          ],
          [
            142.123421,
            42.790063
          ],
          [
            142.123438,
            42.789941
          ],
          [
            142.123518,
            42.789783
          ],
          [
            142.123679,
            42.789492
          ],
          [
            142.123824,
            42.789244
          ],
          [
            142.123883,
            42.789086
          ],
          [
            142.123904,
            42.788996
          ],
          [
            142.123904,
            42.788925
          ],
          [
            142.123738,
            42.78872
          ],
          [
            142.123652,
            42.788551
          ],
          [
            142.123609,
            42.788382
          ],
          [
            142.123582,
            42.788272
          ],
          [
            142.123588,
            42.788165
          ],
          [
            142.123743,
            42.787716
          ],
          [
            142.123781,
            42.78761
          ],
          [
            142.123759,
            42.787508
          ],
          [
            142.123416,
            42.786831
          ],
          [
            142.123384,
            42.786717
          ],
          [
            142.123373,
            42.786626
          ],
          [
            142.1234,
            42.786555
          ],
          [
            142.123582,
            42.786157
          ],
          [
            142.123631,
            42.786031
          ],
          [
            142.123652,
            42.785917
          ],
          [
            142.123668,
            42.785512
          ],
          [
            142.123679,
            42.785421
          ],
          [
            142.123775,
            42.785138
          ],
          [
            142.123802,
            42.785055
          ],
          [
            142.123786,
            42.784917
          ],
          [
            142.123657,
            42.784362
          ],
          [
            142.123631,
            42.784161
          ],
          [
            142.123636,
            42.78411
          ],
          [
            142.123604,
            42.78385
          ],
          [
            142.12362,
            42.78372
          ],
          [
            142.123668,
            42.783583
          ],
          [
            142.123759,
            42.783433
          ],
          [
            142.123867,
            42.783165
          ],
          [
            142.12414,
            42.782484
          ],
          [
            142.124183,
            42.782331
          ],
          [
            142.124221,
            42.782142
          ],
          [
            142.124285,
            42.781606
          ],
          [
            142.124296,
            42.781157
          ],
          [
            142.124301,
            42.781063
          ],
          [
            142.124226,
            42.780476
          ],
          [
            142.124065,
            42.779768
          ],
          [
            142.123979,
            42.779382
          ],
          [
            142.123947,
            42.779224
          ],
          [
            142.123931,
            42.778909
          ],
          [
            142.12392,
            42.778634
          ],
          [
            142.123813,
            42.778626
          ],
          [
            142.123813,
            42.778386
          ],
          [
            142.123786,
            42.7782
          ],
          [
            142.123765,
            42.778004
          ],
          [
            142.12377,
            42.777791
          ],
          [
            142.123824,
            42.777515
          ],
          [
            142.123883,
            42.777307
          ],
          [
            142.123931,
            42.777102
          ],
          [
            142.123963,
            42.776755
          ],
          [
            142.123979,
            42.776622
          ],
          [
            142.124001,
            42.776436
          ],
          [
            142.123995,
            42.776322
          ],
          [
            142.123958,
            42.776137
          ],
          [
            142.12406,
            42.776133
          ],
          [
            142.124044,
            42.775984
          ],
          [
            142.124012,
            42.775925
          ],
          [
            142.124028,
            42.775527
          ],
          [
            142.124038,
            42.775358
          ],
          [
            142.124087,
            42.775074
          ],
          [
            142.124172,
            42.774641
          ],
          [
            142.124199,
            42.77455
          ],
          [
            142.12421,
            42.774353
          ],
          [
            142.12421,
            42.774023
          ],
          [
            142.124194,
            42.773755
          ],
          [
            142.124178,
            42.773527
          ],
          [
            142.124103,
            42.773089
          ],
          [
            142.124038,
            42.772853
          ],
          [
            142.123979,
            42.772656
          ],
          [
            142.123958,
            42.772562
          ],
          [
            142.123953,
            42.772475
          ],
          [
            142.123958,
            42.77231
          ],
          [
            142.124001,
            42.772184
          ],
          [
            142.124033,
            42.772066
          ],
          [
            142.124054,
            42.771948
          ],
          [
            142.124065,
            42.771837
          ],
          [
            142.124038,
            42.771751
          ],
          [
            142.123947,
            42.771593
          ],
          [
            142.12384,
            42.771373
          ],
          [
            142.123818,
            42.771298
          ],
          [
            142.123813,
            42.771199
          ],
          [
            142.123813,
            42.771105
          ],
          [
            142.123824,
            42.771006
          ],
          [
            142.123883,
            42.770762
          ],
          [
            142.123888,
            42.770644
          ],
          [
            142.123883,
            42.770589
          ],
          [
            142.123797,
            42.770408
          ],
          [
            142.123802,
            42.770325
          ],
          [
            142.123808,
            42.770187
          ],
          [
            142.123867,
            42.76992
          ],
          [
            142.123904,
            42.769786
          ],
          [
            142.123915,
            42.769691
          ],
          [
            142.123824,
            42.769301
          ],
          [
            142.123818,
            42.769167
          ],
          [
            142.123834,
            42.769014
          ],
          [
            142.123824,
            42.768896
          ],
          [
            142.123808,
            42.768785
          ],
          [
            142.123759,
            42.768585
          ],
          [
            142.123749,
            42.76849
          ],
          [
            142.123727,
            42.768399
          ],
          [
            142.123749,
            42.76825
          ],
          [
            142.123749,
            42.768053
          ],
          [
            142.123743,
            42.767943
          ],
          [
            142.123765,
            42.767758
          ],
          [
            142.123792,
            42.767608
          ],
          [
            142.123851,
            42.767458
          ],
          [
            142.123931,
            42.767281
          ],
          [
            142.124022,
            42.767041
          ],
          [
            142.124044,
            42.766946
          ],
          [
            142.12399,
            42.766844
          ],
          [
            142.123979,
            42.766785
          ],
          [
            142.123942,
            42.766682
          ],
          [
            142.123926,
            42.766549
          ],
          [
            142.12392,
            42.766391
          ],
          [
            142.123904,
            42.766261
          ],
          [
            142.123877,
            42.766163
          ],
          [
            142.123818,
            42.766029
          ],
          [
            142.123797,
            42.765922
          ],
          [
            142.123818,
            42.765836
          ],
          [
            142.12384,
            42.765737
          ],
          [
            142.123899,
            42.765623
          ],
          [
            142.123915,
            42.76556
          ],
          [
            142.123899,
            42.765497
          ],
          [
            142.123813,
            42.765276
          ],
          [
            142.123727,
            42.765024
          ],
          [
            142.12369,
            42.764902
          ],
          [
            142.123711,
            42.764804
          ],
          [
            142.123716,
            42.764729
          ],
          [
            142.123759,
            42.764607
          ],
          [
            142.12399,
            42.764091
          ],
          [
            142.124028,
            42.764016
          ],
          [
            142.124038,
            42.763918
          ],
          [
            142.124028,
            42.763733
          ],
          [
            142.123829,
            42.763378
          ],
          [
            142.123765,
            42.763236
          ],
          [
            142.123716,
            42.763067
          ],
          [
            142.123711,
            42.762937
          ],
          [
            142.1237,
            42.762819
          ],
          [
            142.123727,
            42.762677
          ],
          [
            142.123738,
            42.76261
          ],
          [
            142.123824,
            42.762465
          ],
          [
            142.123845,
            42.762366
          ],
          [
            142.123851,
            42.762275
          ],
          [
            142.123813,
            42.762051
          ],
          [
            142.12369,
            42.761736
          ],
          [
            142.123432,
            42.761153
          ],
          [
            142.123379,
            42.761047
          ],
          [
            142.123373,
            42.760936
          ],
          [
            142.123373,
            42.760846
          ],
          [
            142.123395,
            42.760688
          ],
          [
            142.123443,
            42.760468
          ],
          [
            142.123497,
            42.760294
          ],
          [
            142.123556,
            42.760176
          ],
          [
            142.123625,
            42.760086
          ],
          [
            142.123716,
            42.759834
          ],
          [
            142.12392,
            42.759144
          ],
          [
            142.123947,
            42.759042
          ],
          [
            142.123995,
            42.758621
          ],
          [
            142.124033,
            42.758298
          ],
          [
            142.124054,
            42.757596
          ],
          [
            142.124038,
            42.757498
          ],
          [
            142.124001,
            42.757277
          ],
          [
            142.123985,
            42.757088
          ],
          [
            142.123985,
            42.756832
          ],
          [
            142.124001,
            42.756679
          ],
          [
            142.124054,
            42.756446
          ],
          [
            142.12413,
            42.756245
          ],
          [
            142.124189,
            42.756076
          ],
          [
            142.124215,
            42.755919
          ],
          [
            142.124242,
            42.755607
          ],
          [
            142.124264,
            42.755332
          ],
          [
            142.12429,
            42.755052
          ],
          [
            142.124312,
            42.754824
          ],
          [
            142.124355,
            42.754449
          ],
          [
            142.124349,
            42.754079
          ],
          [
            142.124312,
            42.754063
          ],
          [
            142.124339,
            42.753795
          ],
          [
            142.124328,
            42.753492
          ],
          [
            142.124226,
            42.752897
          ],
          [
            142.124119,
            42.752346
          ],
          [
            142.124113,
            42.752255
          ],
          [
            142.124119,
            42.752165
          ],
          [
            142.124172,
            42.751995
          ],
          [
            142.12436,
            42.751609
          ],
          [
            142.124387,
            42.751531
          ],
          [
            142.12443,
            42.75131
          ],
          [
            142.12451,
            42.751042
          ],
          [
            142.124532,
            42.750869
          ],
          [
            142.124532,
            42.750644
          ],
          [
            142.124527,
            42.750428
          ],
          [
            142.124516,
            42.750187
          ],
          [
            142.12451,
            42.749967
          ],
          [
            142.124419,
            42.749439
          ],
          [
            142.124382,
            42.749163
          ],
          [
            142.124382,
            42.748832
          ],
          [
            142.124328,
            42.748643
          ],
          [
            142.124301,
            42.748537
          ],
          [
            142.124301,
            42.748474
          ],
          [
            142.124339,
            42.748261
          ],
          [
            142.124349,
            42.748048
          ],
          [
            142.124419,
            42.745913
          ],
          [
            142.124371,
            42.745909
          ],
          [
            142.124376,
            42.745251
          ],
          [
            142.124398,
            42.743474
          ],
          [
            142.124403,
            42.743242
          ],
          [
            142.124419,
            42.743088
          ],
          [
            142.124441,
            42.743037
          ],
          [
            142.124489,
            42.742947
          ],
          [
            142.124516,
            42.742852
          ],
          [
            142.124543,
            42.742655
          ],
          [
            142.124553,
            42.742261
          ],
          [
            142.124591,
            42.740847
          ],
          [
            142.124628,
            42.739109
          ],
          [
            142.124612,
            42.737655
          ],
          [
            142.124553,
            42.737655
          ],
          [
            142.124521,
            42.736824
          ],
          [
            142.124521,
            42.733731
          ],
          [
            142.124543,
            42.732372
          ],
          [
            142.124569,
            42.73048
          ],
          [
            142.124564,
            42.730267
          ],
          [
            142.124569,
            42.729814
          ],
          [
            142.124602,
            42.729546
          ],
          [
            142.124569,
            42.729554
          ],
          [
            142.124586,
            42.728742
          ],
          [
            142.124607,
            42.726646
          ],
          [
            142.124682,
            42.726646
          ],
          [
            142.124687,
            42.725377
          ],
          [
            142.124714,
            42.721897
          ],
          [
            142.12473,
            42.717282
          ],
          [
            142.124757,
            42.713731
          ],
          [
            142.124763,
            42.711744
          ],
          [
            142.124757,
            42.709265
          ],
          [
            142.124736,
            42.708481
          ],
          [
            142.124704,
            42.708232
          ],
          [
            142.124693,
            42.707606
          ],
          [
            142.124698,
            42.706762
          ],
          [
            142.124714,
            42.706691
          ],
          [
            142.12472,
            42.706628
          ],
          [
            142.124714,
            42.706553
          ],
          [
            142.124704,
            42.70647
          ],
          [
            142.124709,
            42.706155
          ],
          [
            142.124725,
            42.70606
          ],
          [
            142.12472,
            42.70595
          ],
          [
            142.124698,
            42.705453
          ],
          [
            142.124687,
            42.704728
          ],
          [
            142.124698,
            42.704539
          ],
          [
            142.124709,
            42.704448
          ],
          [
            142.124704,
            42.704121
          ],
          [
            142.124489,
            42.704113
          ],
          [
            142.124516,
            42.703719
          ],
          [
            142.124527,
            42.703352
          ],
          [
            142.124521,
            42.703202
          ],
          [
            142.124527,
            42.703049
          ],
          [
            142.124543,
            42.702903
          ],
          [
            142.124564,
            42.702836
          ],
          [
            142.124564,
            42.702745
          ],
          [
            142.124537,
            42.702323
          ],
          [
            142.124532,
            42.70142
          ],
          [
            142.124521,
            42.700695
          ],
          [
            142.124425,
            42.700147
          ],
          [
            142.124403,
            42.699966
          ],
          [
            142.124366,
            42.699635
          ],
          [
            142.124307,
            42.69898
          ],
          [
            142.124296,
            42.698661
          ],
          [
            142.124312,
            42.698491
          ],
          [
            142.124376,
            42.698136
          ],
          [
            142.124494,
            42.697711
          ],
          [
            142.124543,
            42.697616
          ],
          [
            142.12458,
            42.697435
          ],
          [
            142.124607,
            42.697253
          ],
          [
            142.124602,
            42.697159
          ],
          [
            142.124612,
            42.696883
          ],
          [
            142.124602,
            42.696713
          ],
          [
            142.124548,
            42.696555
          ],
          [
            142.124382,
            42.69624
          ],
          [
            142.124333,
            42.696126
          ],
          [
            142.124323,
            42.696039
          ],
          [
            142.124301,
            42.695944
          ],
          [
            142.124307,
            42.69581
          ],
          [
            142.124081,
            42.695814
          ],
          [
            142.124108,
            42.69337
          ],
          [
            142.12413,
            42.693204
          ],
          [
            142.124156,
            42.693019
          ],
          [
            142.124172,
            42.692956
          ],
          [
            142.124167,
            42.692491
          ],
          [
            142.124248,
            42.692487
          ],
          [
            142.124226,
            42.692215
          ],
          [
            142.124205,
            42.691887
          ],
          [
            142.124194,
            42.691615
          ],
          [
            142.12421,
            42.691335
          ],
          [
            142.12421,
            42.69117
          ],
          [
            142.124215,
            42.690807
          ],
          [
            142.124231,
            42.69059
          ],
          [
            142.124215,
            42.69044
          ],
          [
            142.124215,
            42.690361
          ],
          [
            142.124151,
            42.690172
          ],
          [
            142.124151,
            42.689837
          ],
          [
            142.124124,
            42.689265
          ],
          [
            142.124135,
            42.689147
          ],
          [
            142.124189,
            42.688768
          ],
          [
            142.124221,
            42.688622
          ],
          [
            142.124264,
            42.688181
          ],
          [
            142.124231,
            42.687932
          ],
          [
            142.124146,
            42.687684
          ],
          [
            142.124092,
            42.687487
          ],
          [
            142.124054,
            42.687156
          ],
          [
            142.123947,
            42.686686
          ],
          [
            142.123926,
            42.686051
          ],
          [
            142.123888,
            42.685275
          ],
          [
            142.123893,
            42.684746
          ],
          [
            142.123915,
            42.684636
          ],
          [
            142.124028,
            42.684305
          ],
          [
            142.124065,
            42.684171
          ],
          [
            142.124178,
            42.68395
          ],
          [
            142.124172,
            42.683823
          ],
          [
            142.124248,
            42.683642
          ],
          [
            142.124264,
            42.683279
          ],
          [
            142.12429,
            42.68294
          ],
          [
            142.124253,
            42.682751
          ],
          [
            142.124226,
            42.682621
          ],
          [
            142.124237,
            42.682522
          ],
          [
            142.124237,
            42.682463
          ],
          [
            142.124355,
            42.682112
          ],
          [
            142.124408,
            42.681655
          ],
          [
            142.124462,
            42.681146
          ],
          [
            142.124414,
            42.680811
          ],
          [
            142.124301,
            42.680495
          ],
          [
            142.124231,
            42.680326
          ],
          [
            142.124231,
            42.680156
          ],
          [
            142.124285,
            42.679963
          ],
          [
            142.124285,
            42.679793
          ],
          [
            142.12429,
            42.679616
          ],
          [
            142.124376,
            42.679296
          ],
          [
            142.12443,
            42.678618
          ],
          [
            142.124457,
            42.677794
          ],
          [
            142.124435,
            42.677612
          ],
          [
            142.124403,
            42.677514
          ],
          [
            142.124408,
            42.677332
          ],
          [
            142.124408,
            42.677159
          ],
          [
            142.124269,
            42.676693
          ],
          [
            142.124237,
            42.6765
          ],
          [
            142.124135,
            42.67624
          ],
          [
            142.124113,
            42.676114
          ],
          [
            142.124103,
            42.676031
          ],
          [
            142.124167,
            42.675743
          ],
          [
            142.124183,
            42.675392
          ],
          [
            142.124237,
            42.675199
          ],
          [
            142.12429,
            42.675029
          ],
          [
            142.124301,
            42.674938
          ],
          [
            142.124269,
            42.674682
          ],
          [
            142.124231,
            42.674067
          ],
          [
            142.124108,
            42.67327
          ],
          [
            142.123947,
            42.672726
          ],
          [
            142.12391,
            42.672509
          ],
          [
            142.123786,
            42.672252
          ],
          [
            142.123749,
            42.67215
          ],
          [
            142.123727,
            42.672067
          ],
          [
            142.123727,
            42.671886
          ],
          [
            142.123792,
            42.671428
          ],
          [
            142.123808,
            42.671247
          ],
          [
            142.123792,
            42.67112
          ],
          [
            142.123738,
            42.67088
          ],
          [
            142.123743,
            42.670722
          ],
          [
            142.123797,
            42.670493
          ],
          [
            142.123786,
            42.670166
          ],
          [
            142.123802,
            42.669677
          ],
          [
            142.12377,
            42.66886
          ],
          [
            142.123759,
            42.668265
          ],
          [
            142.123743,
            42.668052
          ],
          [
            142.123716,
            42.667795
          ],
          [
            142.123652,
            42.667571
          ],
          [
            142.123598,
            42.667413
          ],
          [
            142.123631,
            42.667089
          ],
          [
            142.123684,
            42.666829
          ],
          [
            142.12362,
            42.666521
          ],
          [
            142.123615,
            42.666395
          ],
          [
            142.123647,
            42.666293
          ],
          [
            142.123711,
            42.665874
          ],
          [
            142.123722,
            42.665338
          ],
          [
            142.123754,
            42.664943
          ],
          [
            142.12377,
            42.664833
          ],
          [
            142.123824,
            42.6646
          ],
          [
            142.123883,
            42.664498
          ],
          [
            142.124044,
            42.664103
          ],
          [
            142.124076,
            42.663961
          ],
          [
            142.124081,
            42.66363
          ],
          [
            142.124049,
            42.663385
          ],
          [
            142.12399,
            42.663007
          ],
          [
            142.123979,
            42.662809
          ],
          [
            142.12399,
            42.662667
          ],
          [
            142.124033,
            42.662549
          ],
          [
            142.124124,
            42.662356
          ],
          [
            142.124167,
            42.662068
          ],
          [
            142.124146,
            42.661953
          ],
          [
            142.124135,
            42.66189
          ],
          [
            142.124087,
            42.66189
          ],
          [
            142.124028,
            42.661736
          ],
          [
            142.12399,
            42.661614
          ],
          [
            142.123974,
            42.661476
          ],
          [
            142.123979,
            42.661385
          ],
          [
            142.124097,
            42.660928
          ],
          [
            142.124172,
            42.660521
          ],
          [
            142.124178,
            42.660372
          ],
          [
            142.124124,
            42.660127
          ],
          [
            142.124044,
            42.659934
          ],
          [
            142.123926,
            42.659504
          ],
          [
            142.123872,
            42.65907
          ],
          [
            142.123818,
            42.658687
          ],
          [
            142.123775,
            42.657902
          ],
          [
            142.123722,
            42.657543
          ],
          [
            142.1237,
            42.657389
          ],
          [
            142.123631,
            42.656596
          ],
          [
            142.123598,
            42.656253
          ],
          [
            142.123598,
            42.656064
          ],
          [
            142.123684,
            42.655843
          ],
          [
            142.123706,
            42.655772
          ],
          [
            142.123711,
            42.655705
          ],
          [
            142.123674,
            42.655361
          ],
          [
            142.12362,
            42.654825
          ],
          [
            142.123577,
            42.654549
          ],
          [
            142.123588,
            42.654462
          ],
          [
            142.123604,
            42.654351
          ],
          [
            142.123657,
            42.654111
          ],
          [
            142.123668,
            42.653977
          ],
          [
            142.123663,
            42.653649
          ],
          [
            142.123615,
            42.653641
          ],
          [
            142.123647,
            42.653073
          ],
          [
            142.123652,
            42.652584
          ],
          [
            142.123663,
            42.652189
          ],
          [
            142.123647,
            42.651882
          ],
          [
            142.123657,
            42.651546
          ],
          [
            142.123706,
            42.650939
          ],
          [
            142.123813,
            42.650043
          ],
          [
            142.123969,
            42.649214
          ],
          [
            142.124081,
            42.648733
          ],
          [
            142.124092,
            42.648619
          ],
          [
            142.124113,
            42.647857
          ],
          [
            142.124135,
            42.646981
          ],
          [
            142.12413,
            42.64678
          ],
          [
            142.124065,
            42.646523
          ],
          [
            142.123985,
            42.646129
          ],
          [
            142.12392,
            42.64592
          ],
          [
            142.12391,
            42.645774
          ],
          [
            142.123904,
            42.645533
          ],
          [
            142.123915,
            42.645422
          ],
          [
            142.123958,
            42.645233
          ],
          [
            142.124028,
            42.645063
          ],
          [
            142.123813,
            42.645091
          ],
          [
            142.123829,
            42.644933
          ],
          [
            142.123877,
            42.644811
          ],
          [
            142.123926,
            42.644716
          ],
          [
            142.123899,
            42.644515
          ],
          [
            142.123813,
            42.644168
          ],
          [
            142.12377,
            42.643832
          ],
          [
            142.123792,
            42.643674
          ],
          [
            142.123856,
            42.643489
          ],
          [
            142.123899,
            42.643378
          ],
          [
            142.123985,
            42.64328
          ],
          [
            142.124028,
            42.643185
          ],
          [
            142.124044,
            42.643043
          ],
          [
            142.124044,
            42.642877
          ],
          [
            142.124012,
            42.642656
          ],
          [
            142.123958,
            42.642349
          ],
          [
            142.123915,
            42.64221
          ],
          [
            142.123883,
            42.642013
          ],
          [
            142.123824,
            42.641682
          ],
          [
            142.123829,
            42.641429
          ],
          [
            142.123845,
            42.641319
          ],
          [
            142.123856,
            42.641165
          ],
          [
            142.123872,
            42.641058
          ],
          [
            142.123829,
            42.640786
          ],
          [
            142.123824,
            42.640482
          ],
          [
            142.123808,
            42.640395
          ],
          [
            142.123733,
            42.640139
          ],
          [
            142.123722,
            42.640048
          ],
          [
            142.123727,
            42.639823
          ],
          [
            142.123722,
            42.639724
          ],
          [
            142.123754,
            42.639413
          ],
          [
            142.123797,
            42.639211
          ],
          [
            142.123813,
            42.639152
          ],
          [
            142.123781,
            42.639046
          ],
          [
            142.123775,
            42.638939
          ],
          [
            142.123759,
            42.638817
          ],
          [
            142.123722,
            42.638722
          ],
          [
            142.123647,
            42.638619
          ],
          [
            142.123615,
            42.638548
          ],
          [
            142.123572,
            42.638446
          ],
          [
            142.123572,
            42.638335
          ],
          [
            142.123582,
            42.638189
          ],
          [
            142.123625,
            42.637921
          ],
          [
            142.123711,
            42.637609
          ],
          [
            142.123743,
            42.637262
          ],
          [
            142.123749,
            42.6368
          ],
          [
            142.123684,
            42.636796
          ],
          [
            142.123706,
            42.636654
          ],
          [
            142.123775,
            42.636382
          ],
          [
            142.123824,
            42.636232
          ],
          [
            142.123915,
            42.636019
          ],
          [
            142.123915,
            42.635948
          ],
          [
            142.12391,
            42.635825
          ],
          [
            142.123829,
            42.635522
          ],
          [
            142.123824,
            42.635423
          ],
          [
            142.123834,
            42.635273
          ],
          [
            142.123872,
            42.635147
          ],
          [
            142.123915,
            42.635056
          ],
          [
            142.123931,
            42.634993
          ],
          [
            142.123926,
            42.634918
          ],
          [
            142.123861,
            42.634709
          ],
          [
            142.123679,
            42.633864
          ],
          [
            142.123652,
            42.63375
          ],
          [
            142.123663,
            42.633667
          ],
          [
            142.123781,
            42.63311
          ],
          [
            142.123867,
            42.632747
          ],
          [
            142.12392,
            42.632526
          ],
          [
            142.12392,
            42.632467
          ],
          [
            142.123867,
            42.632135
          ],
          [
            142.123834,
            42.631859
          ],
          [
            142.123818,
            42.631599
          ],
          [
            142.123813,
            42.631149
          ],
          [
            142.123824,
            42.630797
          ],
          [
            142.123845,
            42.630351
          ],
          [
            142.123872,
            42.630032
          ],
          [
            142.123931,
            42.629542
          ],
          [
            142.123979,
            42.629144
          ],
          [
            142.124028,
            42.628871
          ],
          [
            142.124033,
            42.628824
          ],
          [
            142.123969,
            42.628627
          ],
          [
            142.123931,
            42.628473
          ],
          [
            142.123888,
            42.628465
          ],
          [
            142.123856,
            42.628311
          ],
          [
            142.123867,
            42.628153
          ],
          [
            142.123931,
            42.6279
          ],
          [
            142.123947,
            42.627853
          ],
          [
            142.123947,
            42.62779
          ],
          [
            142.123856,
            42.627593
          ],
          [
            142.123775,
            42.627387
          ],
          [
            142.123749,
            42.6273
          ],
          [
            142.123743,
            42.627154
          ],
          [
            142.123786,
            42.626949
          ],
          [
            142.123818,
            42.626835
          ],
          [
            142.12384,
            42.626535
          ],
          [
            142.123872,
            42.626357
          ],
          [
            142.123926,
            42.62618
          ],
          [
            142.123926,
            42.62601
          ],
          [
            142.123845,
            42.625323
          ],
          [
            142.123813,
            42.625074
          ],
          [
            142.123743,
            42.62477
          ],
          [
            142.123679,
            42.624605
          ],
          [
            142.123754,
            42.62462
          ],
          [
            142.123652,
            42.624427
          ],
          [
            142.123577,
            42.62423
          ],
          [
            142.123539,
            42.624072
          ],
          [
            142.123539,
            42.623867
          ],
          [
            142.123539,
            42.623649
          ],
          [
            142.123577,
            42.623551
          ],
          [
            142.123625,
            42.623436
          ],
          [
            142.123743,
            42.623251
          ],
          [
            142.123781,
            42.623152
          ],
          [
            142.123792,
            42.62303
          ],
          [
            142.123786,
            42.622813
          ],
          [
            142.123684,
            42.622323
          ],
          [
            142.123668,
            42.622213
          ],
          [
            142.123674,
            42.622067
          ],
          [
            142.12369,
            42.621928
          ],
          [
            142.123754,
            42.621672
          ],
          [
            142.12377,
            42.621545
          ],
          [
            142.123861,
            42.621281
          ],
          [
            142.123877,
            42.621182
          ],
          [
            142.123883,
            42.621107
          ],
          [
            142.123792,
            42.620843
          ],
          [
            142.123759,
            42.620677
          ],
          [
            142.123727,
            42.620507
          ],
          [
            142.123727,
            42.620444
          ],
          [
            142.123679,
            42.620314
          ],
          [
            142.123566,
            42.620073
          ],
          [
            142.123502,
            42.619836
          ],
          [
            142.123497,
            42.619603
          ],
          [
            142.123561,
            42.619449
          ],
          [
            142.123593,
            42.619359
          ],
          [
            142.123604,
            42.619272
          ],
          [
            142.12362,
            42.619102
          ],
          [
            142.123652,
            42.61883
          ],
          [
            142.123641,
            42.618727
          ],
          [
            142.123598,
            42.618447
          ],
          [
            142.123577,
            42.618309
          ],
          [
            142.123507,
            42.618147
          ],
          [
            142.123497,
            42.61802
          ],
          [
            142.123507,
            42.617941
          ],
          [
            142.123582,
            42.617787
          ],
          [
            142.123872,
            42.617274
          ],
          [
            142.123915,
            42.61718
          ],
          [
            142.12392,
            42.617108
          ],
          [
            142.12392,
            42.617026
          ],
          [
            142.123775,
            42.616749
          ],
          [
            142.123641,
            42.616497
          ],
          [
            142.123615,
            42.616331
          ],
          [
            142.123657,
            42.616216
          ],
          [
            142.123706,
            42.616133
          ],
          [
            142.12384,
            42.615944
          ],
          [
            142.123877,
            42.61581
          ],
          [
            142.123883,
            42.615715
          ],
          [
            142.123877,
            42.615608
          ],
          [
            142.123684,
            42.615178
          ],
          [
            142.123588,
            42.614929
          ],
          [
            142.123577,
            42.614835
          ],
          [
            142.123604,
            42.614756
          ],
          [
            142.123663,
            42.614617
          ],
          [
            142.123663,
            42.61455
          ],
          [
            142.123636,
            42.614471
          ],
          [
            142.123523,
            42.614195
          ],
          [
            142.123497,
            42.614108
          ],
          [
            142.123507,
            42.61399
          ],
          [
            142.123523,
            42.613694
          ],
          [
            142.12355,
            42.613591
          ],
          [
            142.123582,
            42.613508
          ],
          [
            142.123636,
            42.613023
          ],
          [
            142.123657,
            42.612916
          ],
          [
            142.123904,
            42.612324
          ],
          [
            142.123963,
            42.612134
          ],
          [
            142.124012,
            42.612063
          ],
          [
            142.12399,
            42.611957
          ],
          [
            142.123963,
            42.611909
          ],
          [
            142.123818,
            42.611684
          ],
          [
            142.123722,
            42.61151
          ],
          [
            142.123711,
            42.611404
          ],
          [
            142.123722,
            42.611297
          ],
          [
            142.123802,
            42.611076
          ],
          [
            142.123797,
            42.610974
          ],
          [
            142.123759,
            42.610816
          ],
          [
            142.123716,
            42.610685
          ],
          [
            142.123636,
            42.610504
          ],
          [
            142.123604,
            42.610369
          ],
          [
            142.123604,
            42.610251
          ],
          [
            142.123631,
            42.610148
          ],
          [
            142.123695,
            42.609994
          ],
          [
            142.123792,
            42.609864
          ],
          [
            142.123877,
            42.609702
          ],
          [
            142.123899,
            42.609454
          ],
          [
            142.123893,
            42.609339
          ],
          [
            142.123893,
            42.609256
          ],
          [
            142.123834,
            42.609142
          ],
          [
            142.123824,
            42.60909
          ],
          [
            142.123829,
            42.608968
          ],
          [
            142.123851,
            42.608873
          ],
          [
            142.123936,
            42.608699
          ],
          [
            142.124006,
            42.608538
          ],
          [
            142.12406,
            42.60838
          ],
          [
            142.124071,
            42.608277
          ],
          [
            142.12392,
            42.608036
          ],
          [
            142.123792,
            42.607858
          ],
          [
            142.12377,
            42.607768
          ],
          [
            142.123749,
            42.607681
          ],
          [
            142.123765,
            42.607523
          ],
          [
            142.123851,
            42.607179
          ],
          [
            142.123947,
            42.606982
          ],
          [
            142.124022,
            42.606824
          ],
          [
            142.123969,
            42.606615
          ],
          [
            142.123899,
            42.606453
          ],
          [
            142.123797,
            42.606263
          ],
          [
            142.123759,
            42.606141
          ],
          [
            142.123759,
            42.605979
          ],
          [
            142.123802,
            42.605904
          ],
          [
            142.123947,
            42.605663
          ],
          [
            142.124012,
            42.605501
          ],
          [
            142.123979,
            42.605371
          ],
          [
            142.123926,
            42.605213
          ],
          [
            142.123899,
            42.605083
          ],
          [
            142.123915,
            42.604964
          ],
          [
            142.123936,
            42.60485
          ],
          [
            142.123893,
            42.604641
          ],
          [
            142.123888,
            42.60451
          ],
          [
            142.123893,
            42.6044
          ],
          [
            142.123834,
            42.604281
          ],
          [
            142.123706,
            42.604115
          ],
          [
            142.123657,
            42.603977
          ],
          [
            142.123647,
            42.603863
          ],
          [
            142.123641,
            42.603744
          ],
          [
            142.123674,
            42.603519
          ],
          [
            142.123663,
            42.603409
          ],
          [
            142.123631,
            42.603215
          ],
          [
            142.123641,
            42.603132
          ],
          [
            142.123497,
            42.603144
          ],
          [
            142.123523,
            42.60303
          ],
          [
            142.123636,
            42.602635
          ],
          [
            142.12362,
            42.602445
          ],
          [
            142.123625,
            42.60239
          ],
          [
            142.123775,
            42.601841
          ],
          [
            142.123813,
            42.601727
          ],
          [
            142.123684,
            42.601458
          ],
          [
            142.123604,
            42.601253
          ],
          [
            142.123572,
            42.60115
          ],
          [
            142.123577,
            42.601055
          ],
          [
            142.12362,
            42.600929
          ],
          [
            142.123716,
            42.600767
          ],
          [
            142.123765,
            42.600649
          ],
          [
            142.12377,
            42.600593
          ],
          [
            142.123727,
            42.600471
          ],
          [
            142.123631,
            42.60021
          ],
          [
            142.123577,
            42.600005
          ],
          [
            142.123556,
            42.599811
          ],
          [
            142.123566,
            42.599669
          ],
          [
            142.123604,
            42.599488
          ],
          [
            142.123593,
            42.599314
          ],
          [
            142.123577,
            42.599097
          ],
          [
            142.123818,
            42.599089
          ],
          [
            142.123818,
            42.59886
          ],
          [
            142.123856,
            42.598658
          ],
          [
            142.12391,
            42.598418
          ],
          [
            142.123963,
            42.598196
          ],
          [
            142.124081,
            42.597896
          ],
          [
            142.124172,
            42.597604
          ],
          [
            142.124189,
            42.597493
          ],
          [
            142.124135,
            42.597379
          ],
          [
            142.124113,
            42.597268
          ],
          [
            142.124113,
            42.597016
          ],
          [
            142.124081,
            42.596925
          ],
          [
            142.123974,
            42.596723
          ],
          [
            142.123926,
            42.596581
          ],
          [
            142.123872,
            42.596404
          ],
          [
            142.123867,
            42.596301
          ],
          [
            142.123867,
            42.596163
          ],
          [
            142.123974,
            42.595784
          ],
          [
            142.12406,
            42.595511
          ],
          [
            142.124167,
            42.595282
          ],
          [
            142.124194,
            42.595164
          ],
          [
            142.124194,
            42.595085
          ],
          [
            142.124151,
            42.594927
          ],
          [
            142.123958,
            42.594346
          ],
          [
            142.12392,
            42.59418
          ],
          [
            142.123926,
            42.594082
          ],
          [
            142.123931,
            42.593971
          ],
          [
            142.123958,
            42.59386
          ],
          [
            142.124044,
            42.593604
          ],
          [
            142.12414,
            42.593308
          ],
          [
            142.124178,
            42.593138
          ],
          [
            142.124178,
            42.593007
          ],
          [
            142.124183,
            42.592743
          ],
          [
            142.124215,
            42.592533
          ],
          [
            142.124253,
            42.592261
          ],
          [
            142.124328,
            42.591925
          ],
          [
            142.124349,
            42.591712
          ],
          [
            142.124355,
            42.591463
          ],
          [
            142.124382,
            42.591088
          ],
          [
            142.124505,
            42.589489
          ],
          [
            142.124532,
            42.588742
          ],
          [
            142.124575,
            42.588027
          ],
          [
            142.124602,
            42.58715
          ],
          [
            142.124618,
            42.586139
          ],
          [
            142.124682,
            42.585413
          ],
          [
            142.124709,
            42.584694
          ],
          [
            142.12473,
            42.584409
          ],
          [
            142.124763,
            42.584121
          ],
          [
            142.124779,
            42.583995
          ],
          [
            142.124784,
            42.583695
          ],
          [
            142.124816,
            42.582885
          ],
          [
            142.124854,
            42.580302
          ],
          [
            142.124875,
            42.578224
          ],
          [
            142.124891,
            42.576071
          ],
          [
            142.124907,
            42.573728
          ],
          [
            142.124918,
            42.571994
          ],
          [
            142.124956,
            42.569944
          ],
          [
            142.124956,
            42.568249
          ],
          [
            142.124757,
            42.568245
          ],
          [
            142.124741,
            42.567838
          ],
          [
            142.124661,
            42.567656
          ],
          [
            142.124628,
            42.567585
          ],
          [
            142.124623,
            42.567459
          ],
          [
            142.124666,
            42.567052
          ],
          [
            142.124698,
            42.566748
          ],
          [
            142.124704,
            42.566661
          ],
          [
            142.124666,
            42.566226
          ],
          [
            142.124414,
            42.565077
          ],
          [
            142.124387,
            42.564899
          ],
          [
            142.124296,
            42.564579
          ],
          [
            142.124269,
            42.564342
          ],
          [
            142.124215,
            42.563943
          ],
          [
            142.124221,
            42.563753
          ],
          [
            142.124269,
            42.563468
          ],
          [
            142.124285,
            42.563306
          ],
          [
            142.124408,
            42.562552
          ],
          [
            142.124425,
            42.562263
          ],
          [
            142.124425,
            42.562137
          ],
          [
            142.124382,
            42.561845
          ],
          [
            142.124398,
            42.561726
          ],
          [
            142.124435,
            42.561604
          ],
          [
            142.12458,
            42.561307
          ],
          [
            142.124602,
            42.561212
          ],
          [
            142.124596,
            42.561137
          ],
          [
            142.124473,
            42.560742
          ],
          [
            142.124462,
            42.560624
          ],
          [
            142.12451,
            42.560505
          ],
          [
            142.124537,
            42.560383
          ],
          [
            142.124559,
            42.560094
          ],
          [
            142.124553,
            42.559928
          ],
          [
            142.124537,
            42.559782
          ],
          [
            142.124205,
            42.559806
          ],
          [
            142.124065,
            42.559545
          ],
          [
            142.124012,
            42.559339
          ],
          [
            142.124006,
            42.559166
          ],
          [
            142.124065,
            42.558913
          ],
          [
            142.124071,
            42.558526
          ],
          [
            142.124049,
            42.558352
          ],
          [
            142.124017,
            42.558253
          ],
          [
            142.124001,
            42.558063
          ],
          [
            142.123979,
            42.557917
          ],
          [
            142.12399,
            42.557178
          ],
          [
            142.123969,
            42.555957
          ],
          [
            142.123979,
            42.55455
          ],
          [
            142.12392,
            42.553306
          ],
          [
            142.12391,
            42.552436
          ],
          [
            142.123888,
            42.551405
          ],
          [
            142.12325,
            42.551365
          ],
          [
            142.121846,
            42.551326
          ],
          [
            142.121844,
            42.551322
          ],
          [
            142.120922,
            42.551282
          ],
          [
            142.119377,
            42.551262
          ],
          [
            142.116845,
            42.551243
          ],
          [
            142.115155,
            42.551231
          ],
          [
            142.113106,
            42.551219
          ],
          [
            142.111174,
            42.551199
          ],
          [
            142.110815,
            42.551203
          ],
          [
            142.110525,
            42.551176
          ],
          [
            142.110096,
            42.551168
          ],
          [
            142.10912,
            42.551156
          ],
          [
            142.108423,
            42.55114
          ],
          [
            142.107339,
            42.551136
          ],
          [
            142.107055,
            42.551176
          ],
          [
            142.106888,
            42.551176
          ],
          [
            142.1064,
            42.551187
          ],
          [
            142.10552,
            42.551199
          ],
          [
            142.104914,
            42.551207
          ],
          [
            142.103536,
            42.551203
          ],
          [
            142.103267,
            42.551195
          ],
          [
            142.102506,
            42.551187
          ],
          [
            142.102516,
            42.551132
          ],
          [
            142.101835,
            42.551116
          ],
          [
            142.10132,
            42.551108
          ],
          [
            142.10125,
            42.551108
          ],
          [
            142.100794,
            42.551069
          ],
          [
            142.100489,
            42.551045
          ],
          [
            142.100049,
            42.551045
          ],
          [
            142.099877,
            42.551037
          ],
          [
            142.099346,
            42.550998
          ],
          [
            142.099212,
            42.550994
          ],
          [
            142.098949,
            42.550966
          ],
          [
            142.098509,
            42.55095
          ],
          [
            142.097973,
            42.550966
          ],
          [
            142.097651,
            42.550966
          ],
          [
            142.097415,
            42.550958
          ],
          [
            142.097077,
            42.550927
          ],
          [
            142.096712,
            42.550887
          ],
          [
            142.09646,
            42.550867
          ],
          [
            142.096036,
            42.55084
          ],
          [
            142.095628,
            42.55082
          ],
          [
            142.095237,
            42.550824
          ],
          [
            142.094357,
            42.550812
          ],
          [
            142.093762,
            42.550804
          ],
          [
            142.091594,
            42.550788
          ],
          [
            142.09021,
            42.550784
          ],
          [
            142.08873,
            42.550784
          ],
          [
            142.086729,
            42.55078
          ],
          [
            142.085243,
            42.55078
          ],
          [
            142.083435,
            42.550776
          ],
          [
            142.082046,
            42.550776
          ],
          [
            142.081327,
            42.550776
          ],
          [
            142.081327,
            42.550132
          ],
          [
            142.081343,
            42.549065
          ],
          [
            142.081364,
            42.547868
          ],
          [
            142.078779,
            42.547872
          ],
          [
            142.076365,
            42.54786
          ],
          [
            142.073827,
            42.547848
          ],
          [
            142.072572,
            42.547852
          ],
          [
            142.070088,
            42.547848
          ],
          [
            142.068087,
            42.54784
          ],
          [
            142.065818,
            42.547832
          ],
          [
            142.063453,
            42.547832
          ],
          [
            142.061693,
            42.547824
          ],
          [
            142.058566,
            42.54782
          ],
          [
            142.056232,
            42.547836
          ],
          [
            142.05576,
            42.547832
          ],
          [
            142.055379,
            42.547832
          ],
          [
            142.054773,
            42.547848
          ],
          [
            142.054542,
            42.54786
          ],
          [
            142.054296,
            42.547895
          ],
          [
            142.053716,
            42.547967
          ],
          [
            142.053507,
            42.547994
          ],
          [
            142.053046,
            42.547982
          ],
          [
            142.052515,
            42.54799
          ],
          [
            142.052096,
            42.548022
          ],
          [
            142.051495,
            42.548073
          ],
          [
            142.051334,
            42.548077
          ],
          [
            142.051077,
            42.548061
          ],
          [
            142.050707,
            42.54799
          ],
          [
            142.050304,
            42.547959
          ],
          [
            142.050138,
            42.547943
          ],
          [
            142.049575,
            42.547978
          ],
          [
            142.049221,
            42.547967
          ],
          [
            142.048609,
            42.547963
          ],
          [
            142.048239,
            42.547919
          ],
          [
            142.047955,
            42.547923
          ],
          [
            142.047815,
            42.547931
          ],
          [
            142.047515,
            42.547931
          ],
          [
            142.047467,
            42.548247
          ],
          [
            142.047456,
            42.548492
          ],
          [
            142.047451,
            42.548658
          ],
          [
            142.045723,
            42.548658
          ],
          [
            142.04509,
            42.548631
          ],
          [
            142.044656,
            42.548619
          ],
          [
            142.043856,
            42.548611
          ],
          [
            142.042987,
            42.548615
          ],
          [
            142.041802,
            42.548611
          ],
          [
            142.041636,
            42.548615
          ],
          [
            142.041298,
            42.548654
          ],
          [
            142.040648,
            42.548717
          ],
          [
            142.040214,
            42.548749
          ],
          [
            142.039989,
            42.548761
          ],
          [
            142.039737,
            42.548761
          ],
          [
            142.039506,
            42.548769
          ],
          [
            142.039334,
            42.548769
          ],
          [
            142.038894,
            42.548721
          ],
          [
            142.038234,
            42.548674
          ],
          [
            142.037677,
            42.548658
          ],
          [
            142.037317,
            42.548654
          ],
          [
            142.037017,
            42.54867
          ],
          [
            142.036293,
            42.548737
          ],
          [
            142.036126,
            42.548753
          ],
          [
            142.035831,
            42.548773
          ],
          [
            142.0353,
            42.5488
          ],
          [
            142.03434,
            42.548793
          ],
          [
            142.032366,
            42.548769
          ],
          [
            142.031078,
            42.548765
          ],
          [
            142.030123,
            42.548753
          ],
          [
            142.028825,
            42.548757
          ],
          [
            142.027575,
            42.548749
          ],
          [
            142.026765,
            42.548757
          ],
          [
            142.026148,
            42.548761
          ],
          [
            142.026148,
            42.549101
          ],
          [
            142.025473,
            42.549089
          ],
          [
            142.02404,
            42.549073
          ],
          [
            142.023059,
            42.549069
          ],
          [
            142.022452,
            42.549057
          ],
          [
            142.020752,
            42.549053
          ],
          [
            142.019443,
            42.549057
          ],
          [
            142.017737,
            42.549038
          ],
          [
            142.015924,
            42.54901
          ],
          [
            142.014701,
            42.549014
          ],
          [
            142.013285,
            42.549002
          ],
          [
            142.012571,
            42.549006
          ],
          [
            142.011632,
            42.549006
          ],
          [
            142.009808,
            42.548982
          ],
          [
            142.008086,
            42.548951
          ],
          [
            142.006901,
            42.548931
          ],
          [
            142.00417,
            42.548923
          ],
          [
            142.004187,
            42.551152
          ],
          [
            142.00313,
            42.551132
          ],
          [
            142.001708,
            42.55112
          ],
          [
            142.000721,
            42.551124
          ],
          [
            141.999047,
            42.55112
          ],
          [
            141.997953,
            42.551112
          ],
          [
            141.996751,
            42.551112
          ],
          [
            141.9957,
            42.55112
          ],
          [
            141.99364,
            42.5511
          ],
          [
            141.993629,
            42.550674
          ],
          [
            141.993651,
            42.550105
          ],
          [
            141.993678,
            42.549646
          ],
          [
            141.992707,
            42.54965
          ],
          [
            141.991628,
            42.549654
          ],
          [
            141.990958,
            42.54965
          ],
          [
            141.989606,
            42.549611
          ],
          [
            141.98915,
            42.549599
          ],
          [
            141.98878,
            42.549603
          ],
          [
            141.987412,
            42.549579
          ],
          [
            141.986044,
            42.549583
          ],
          [
            141.985593,
            42.549583
          ],
          [
            141.984775,
            42.549572
          ],
          [
            141.984783,
            42.54897
          ],
          [
            141.984746,
            42.545046
          ],
          [
            141.96678,
            42.544979
          ],
          [
            141.96678,
            42.542402
          ],
          [
            141.962333,
            42.542366
          ],
          [
            141.957951,
            42.542386
          ],
          [
            141.95691,
            42.542354
          ],
          [
            141.950843,
            42.542327
          ],
          [
            141.937534,
            42.542315
          ],
          [
            141.937544,
            42.547196
          ],
          [
            141.918833,
            42.5472
          ],
          [
            141.918833,
            42.551089
          ],
          [
            141.899779,
            42.551097
          ],
          [
            141.899779,
            42.558952
          ],
          [
            141.880891,
            42.558968
          ],
          [
            141.880875,
            42.572792
          ],
          [
            141.861573,
            42.572784
          ],
          [
            141.861573,
            42.573373
          ],
          [
            141.842101,
            42.573373
          ],
          [
            141.842101,
            42.580602
          ],
          [
            141.822821,
            42.580586
          ],
          [
            141.822821,
            42.589417
          ],
          [
            141.803713,
            42.589402
          ],
          [
            141.803689,
            42.594153
          ],
          [
            141.801277,
            42.594338
          ],
          [
            141.801245,
            42.594062
          ],
          [
            141.792458,
            42.594994
          ],
          [
            141.781139,
            42.594101
          ],
          [
            141.78086,
            42.596242
          ],
          [
            141.779777,
            42.596321
          ],
          [
            141.777835,
            42.609177
          ],
          [
            141.775217,
            42.609327
          ],
          [
            141.765153,
            42.610101
          ],
          [
            141.759059,
            42.610543
          ],
          [
            141.757429,
            42.610425
          ],
          [
            141.757504,
            42.610685
          ],
          [
            141.754972,
            42.610851
          ],
          [
            141.754854,
            42.610227
          ],
          [
            141.736357,
            42.608664
          ],
          [
            141.734716,
            42.608838
          ],
          [
            141.733943,
            42.615036
          ],
          [
            141.725253,
            42.615928
          ],
          [
            141.716563,
            42.616639
          ],
          [
            141.709331,
            42.615936
          ],
          [
            141.709557,
            42.617176
          ],
          [
            141.708881,
            42.617215
          ],
          [
            141.709406,
            42.620926
          ],
          [
            141.688775,
            42.618897
          ],
          [
            141.687369,
            42.627896
          ],
          [
            141.687144,
            42.628907
          ],
          [
            141.686994,
            42.629988
          ],
          [
            141.686597,
            42.632364
          ],
          [
            141.685867,
            42.636516
          ],
          [
            141.68709,
            42.636627
          ],
          [
            141.686919,
            42.637495
          ],
          [
            141.686736,
            42.638876
          ],
          [
            141.686329,
            42.641717
          ],
          [
            141.68752,
            42.641812
          ],
          [
            141.68716,
            42.644554
          ],
          [
            141.686811,
            42.647297
          ],
          [
            141.688163,
            42.647391
          ],
          [
            141.687884,
            42.648772
          ],
          [
            141.687434,
            42.651645
          ],
          [
            141.68709,
            42.653783
          ],
          [
            141.686715,
            42.655922
          ],
          [
            141.686511,
            42.657381
          ],
          [
            141.686811,
            42.657381
          ],
          [
            141.686522,
            42.659156
          ],
          [
            141.685975,
            42.662778
          ],
          [
            141.686532,
            42.662857
          ],
          [
            141.685674,
            42.668024
          ],
          [
            141.686447,
            42.668095
          ],
          [
            141.685798,
            42.673191
          ],
          [
            141.685899,
            42.673199
          ],
          [
            141.685578,
            42.675601
          ],
          [
            141.685138,
            42.678287
          ],
          [
            141.687766,
            42.678476
          ],
          [
            141.687058,
            42.683989
          ],
          [
            141.687176,
            42.684021
          ],
          [
            141.686404,
            42.689163
          ],
          [
            141.687305,
            42.689218
          ],
          [
            141.686393,
            42.694438
          ],
          [
            141.688024,
            42.694549
          ],
          [
            141.687284,
            42.699603
          ],
          [
            141.688142,
            42.699658
          ],
          [
            141.688013,
            42.70066
          ],
          [
            141.687756,
            42.700667
          ],
          [
            141.687391,
            42.702197
          ],
          [
            141.687208,
            42.703356
          ],
          [
            141.686908,
            42.706667
          ],
          [
            141.686608,
            42.708063
          ],
          [
            141.686393,
            42.708694
          ],
          [
            141.685717,
            42.712683
          ],
          [
            141.685889,
            42.71269
          ],
          [
            141.685545,
            42.714937
          ],
          [
            141.685438,
            42.716411
          ],
          [
            141.685213,
            42.71783
          ],
          [
            141.687874,
            42.718074
          ],
          [
            141.687487,
            42.720778
          ],
          [
            141.687198,
            42.72282
          ],
          [
            141.686962,
            42.723489
          ],
          [
            141.68708,
            42.723545
          ],
          [
            141.687047,
            42.724049
          ],
          [
            141.686758,
            42.725019
          ],
          [
            141.686125,
            42.728723
          ],
          [
            141.686661,
            42.728794
          ],
          [
            141.686543,
            42.730086
          ],
          [
            141.686361,
            42.731071
          ],
          [
            141.686093,
            42.732506
          ],
          [
            141.686039,
            42.733128
          ],
          [
            141.685792,
            42.733932
          ],
          [
            141.686833,
            42.734003
          ],
          [
            141.686683,
            42.73487
          ],
          [
            141.686683,
            42.735437
          ],
          [
            141.686532,
            42.736194
          ],
          [
            141.686211,
            42.737281
          ],
          [
            141.685942,
            42.739164
          ],
          [
            141.686608,
            42.739204
          ],
          [
            141.686597,
            42.739874
          ],
          [
            141.686361,
            42.741615
          ],
          [
            141.686168,
            42.742222
          ],
          [
            141.686103,
            42.742986
          ],
          [
            141.685846,
            42.744373
          ],
          [
            141.686661,
            42.744444
          ],
          [
            141.68649,
            42.745578
          ],
          [
            141.686211,
            42.746768
          ],
          [
            141.686114,
            42.747556
          ],
          [
            141.685717,
            42.749715
          ],
          [
            141.685899,
            42.74977
          ],
          [
            141.685781,
            42.75055
          ],
          [
            141.685545,
            42.751385
          ],
          [
            141.685363,
            42.752882
          ],
          [
            141.685299,
            42.753819
          ],
          [
            141.68517,
            42.754378
          ],
          [
            141.685041,
            42.755087
          ],
          [
            141.686522,
            42.755198
          ],
          [
            141.686189,
            42.757175
          ],
          [
            141.68605,
            42.758585
          ],
          [
            141.685749,
            42.760728
          ],
          [
            141.686822,
            42.760838
          ],
          [
            141.686844,
            42.761161
          ],
          [
            141.686597,
            42.762335
          ],
          [
            141.686425,
            42.763453
          ],
          [
            141.6862,
            42.764737
          ],
          [
            141.685985,
            42.766044
          ],
          [
            141.686361,
            42.766044
          ],
          [
            141.686082,
            42.767328
          ],
          [
            141.685739,
            42.769392
          ],
          [
            141.685481,
            42.771014
          ],
          [
            141.686661,
            42.771109
          ],
          [
            141.686307,
            42.772629
          ],
          [
            141.685706,
            42.776448
          ],
          [
            141.686243,
            42.776488
          ],
          [
            141.685342,
            42.781827
          ],
          [
            141.686361,
            42.781913
          ],
          [
            141.685964,
            42.784472
          ],
          [
            141.685535,
            42.787102
          ],
          [
            141.686168,
            42.787165
          ],
          [
            141.685567,
            42.790795
          ],
          [
            141.685266,
            42.792511
          ],
          [
            141.68576,
            42.792551
          ],
          [
            141.684902,
            42.797636
          ],
          [
            141.685674,
            42.797715
          ],
          [
            141.684891,
            42.802958
          ],
          [
            141.686082,
            42.803068
          ],
          [
            141.685792,
            42.805091
          ],
          [
            141.685363,
            42.808578
          ],
          [
            141.68679,
            42.808688
          ],
          [
            141.686018,
            42.813773
          ],
          [
            141.686254,
            42.813796
          ],
          [
            141.685374,
            42.818786
          ],
          [
            141.685781,
            42.818825
          ],
          [
            141.685803,
            42.819046
          ],
          [
            141.68561,
            42.820014
          ],
          [
            141.685449,
            42.821312
          ],
          [
            141.685191,
            42.822658
          ],
          [
            141.684923,
            42.824066
          ],
          [
            141.685063,
            42.824058
          ],
          [
            141.684237,
            42.829299
          ],
          [
            141.68576,
            42.829448
          ],
          [
            141.684955,
            42.834964
          ],
          [
            141.686479,
            42.835082
          ],
          [
            141.685631,
            42.840282
          ],
          [
            141.685696,
            42.84029
          ],
          [
            141.68487,
            42.845152
          ],
          [
            141.685481,
            42.84523
          ],
          [
            141.685352,
            42.846135
          ],
          [
            141.685309,
            42.846638
          ],
          [
            141.68517,
            42.847047
          ],
          [
            141.685073,
            42.847645
          ],
          [
            141.684977,
            42.848518
          ],
          [
            141.68458,
            42.8505
          ],
          [
            141.684912,
            42.850524
          ],
          [
            141.684097,
            42.855723
          ],
          [
            141.685395,
            42.855872
          ],
          [
            141.684633,
            42.861268
          ],
          [
            141.685824,
            42.861354
          ],
          [
            141.685696,
            42.862117
          ],
          [
            141.684934,
            42.866497
          ],
          [
            141.685513,
            42.866513
          ],
          [
            141.685385,
            42.866906
          ],
          [
            141.68458,
            42.871498
          ],
          [
            141.685406,
            42.871569
          ],
          [
            141.684483,
            42.876774
          ],
          [
            141.68546,
            42.876876
          ],
          [
            141.684537,
            42.882159
          ],
          [
            141.685191,
            42.882207
          ],
          [
            141.684977,
            42.883661
          ],
          [
            141.684752,
            42.884726
          ],
          [
            141.684312,
            42.887246
          ],
          [
            141.684977,
            42.887324
          ],
          [
            141.684977,
            42.88837
          ],
          [
            141.684655,
            42.889698
          ],
          [
            141.684194,
            42.892489
          ],
          [
            141.684258,
            42.89252
          ],
          [
            141.683453,
            42.897692
          ],
          [
            141.685846,
            42.897888
          ],
          [
            141.685503,
            42.900176
          ],
          [
            141.685052,
            42.903178
          ],
          [
            141.685202,
            42.90317
          ],
          [
            141.684344,
            42.908254
          ],
          [
            141.684977,
            42.908317
          ],
          [
            141.684119,
            42.913299
          ],
          [
            141.684977,
            42.913346
          ],
          [
            141.684065,
            42.918603
          ],
          [
            141.684709,
            42.918681
          ],
          [
            141.684644,
            42.919169
          ],
          [
            141.683882,
            42.923812
          ],
          [
            141.683958,
            42.92389
          ],
          [
            141.683121,
            42.928981
          ],
          [
            141.68385,
            42.929036
          ],
          [
            141.683089,
            42.934268
          ],
          [
            141.68399,
            42.93433
          ],
          [
            141.683786,
            42.936137
          ],
          [
            141.6834,
            42.939895
          ],
          [
            141.701456,
            42.941133
          ]
        ]
      }
    }
  ]
}